{"config": {"pkg": "./mpi_trap3", "execdate": "26-01-2025_17:44:31", "command": "pascalanalyzer -t aut -c 1,2,4,8,16,32,64,128 -i 1000000,2000000,4000000,8000000,16000000,32000000,64000000,128000000 -o mpi_trap3.json ./mpi_trap3", "hostname": "r2n05.npad.internal", "kernel": "Linux-4.18.0-477.10.1.el8_8.x86_64-x86_64-with-glibc2.14", "disable_hyperthread": false, "auto_instrumentation": true, "idle_time": 0, "data_descriptor": {"values": ["start_time", "stop_time"], "extras": {"regions": {"values": ["start_time", "stop_time", "start_line", "stop_line", "thread_id", "filename"]}}, "keys": ["cores", "input", "repetitions"]}, "disable_cores": false, "discard_ompnt": true, "arguments": ["16000000", "32000000", "8000000", "2000000", "4000000", "1000000", "128000000", "64000000"]}, "data": {"128;0;1": {"regions": {"2": [[1737924271.849977, 1737924273.065944, 0, 0, 98, "binary"]], "1": [[1737924271.847178, 1737924273.066848, 0, 0, 97, "binary"]]}, "start_time": 1737924271.6198215, "stop_time": 1737924273.0732398}, "128;1;1": {"regions": {"2": [[1737924273.174837, 1737924274.396936, 0, 0, 106, "binary"]], "1": [[1737924273.172445, 1737924274.397918, 0, 0, 105, "binary"]]}, "start_time": 1737924273.0739143, "stop_time": 1737924274.403791}, "128;2;1": {"regions": {"2": [[1737924274.504076, 1737924275.715973, 0, 0, 114, "binary"]], "1": [[1737924274.50174, 1737924275.71681, 0, 0, 113, "binary"]]}, "start_time": 1737924274.4044194, "stop_time": 1737924275.7227721}, "128;3;1": {"regions": {"2": [[1737924275.823037, 1737924277.03494, 0, 0, 122, "binary"]], "1": [[1737924275.820372, 1737924277.035996, 0, 0, 121, "binary"]]}, "start_time": 1737924275.7234187, "stop_time": 1737924277.0424404}, "128;4;1": {"regions": {"2": [[1737924277.158469, 1737924278.368975, 0, 0, 2, "binary"]], "1": [[1737924277.156117, 1737924278.36981, 0, 0, 1, "binary"]]}, "start_time": 1737924277.0431292, "stop_time": 1737924278.375736}, "128;5;1": {"regions": {"2": [[1737924278.475963, 1737924279.696939, 0, 0, 10, "binary"]], "1": [[1737924278.473494, 1737924279.697995, 0, 0, 9, "binary"]]}, "start_time": 1737924278.37639, "stop_time": 1737924279.7038043}, "128;6;1": {"regions": {"2": [[1737924279.804753, 1737924281.026935, 0, 0, 18, "binary"]], "1": [[1737924279.802313, 1737924281.027838, 0, 0, 17, "binary"]]}, "start_time": 1737924279.7044363, "stop_time": 1737924281.0337036}, "128;7;1": {"regions": {"2": [[1737924281.135401, 1737924282.345932, 0, 0, 26, "binary"]], "1": [[1737924281.132918, 1737924282.346911, 0, 0, 25, "binary"]]}, "start_time": 1737924281.034358, "stop_time": 1737924282.3527503}, "64;0;1": {"regions": {"2": [[1737924282.453858, 1737924283.663938, 0, 0, 34, "binary"]], "1": [[1737924282.451417, 1737924283.664851, 0, 0, 33, "binary"]]}, "start_time": 1737924282.353392, "stop_time": 1737924283.670696}, "64;1;1": {"regions": {"2": [[1737924283.770342, 1737924284.992941, 0, 0, 42, "binary"]], "1": [[1737924283.767992, 1737924284.993927, 0, 0, 41, "binary"]]}, "start_time": 1737924283.6713467, "stop_time": 1737924284.999757}, "64;2;1": {"regions": {"2": [[1737924285.099803, 1737924286.309937, 0, 0, 50, "binary"]], "1": [[1737924285.097328, 1737924286.310838, 0, 0, 49, "binary"]]}, "start_time": 1737924285.0003996, "stop_time": 1737924286.31669}, "64;3;1": {"regions": {"2": [[1737924286.416547, 1737924287.62694, 0, 0, 58, "binary"]], "1": [[1737924286.414228, 1737924287.627938, 0, 0, 57, "binary"]]}, "start_time": 1737924286.3173323, "stop_time": 1737924287.6339617}, "64;4;1": {"regions": {"2": [[1737924287.735186, 1737924288.94895, 0, 0, 66, "binary"]], "1": [[1737924287.732675, 1737924288.949851, 0, 0, 65, "binary"]]}, "start_time": 1737924287.6346283, "stop_time": 1737924288.9557312}, "64;5;1": {"regions": {"2": [[1737924289.056657, 1737924290.265938, 0, 0, 75, "binary"]], "1": [[1737924289.054296, 1737924290.266919, 0, 0, 74, "binary"]]}, "start_time": 1737924288.956383, "stop_time": 1737924290.2727637}, "64;6;1": {"regions": {"2": [[1737924290.373619, 1737924291.582931, 0, 0, 83, "binary"]], "1": [[1737924290.371148, 1737924291.583838, 0, 0, 82, "binary"]]}, "start_time": 1737924290.2733965, "stop_time": 1737924291.589683}, "64;7;1": {"regions": {"2": [[1737924291.690159, 1737924292.913939, 0, 0, 91, "binary"]], "1": [[1737924291.68751, 1737924292.914894, 0, 0, 90, "binary"]]}, "start_time": 1737924291.5903354, "stop_time": 1737924292.9207463}, "32;0;1": {"regions": {"2": [[1737924293.032698, 1737924294.254936, 0, 0, 99, "binary"]], "1": [[1737924293.030234, 1737924294.25585, 0, 0, 98, "binary"]]}, "start_time": 1737924292.9213927, "stop_time": 1737924294.2616656}, "32;1;1": {"regions": {"2": [[1737924294.361527, 1737924295.569944, 0, 0, 107, "binary"]], "1": [[1737924294.359202, 1737924295.570937, 0, 0, 106, "binary"]]}, "start_time": 1737924294.262323, "stop_time": 1737924295.5767212}, "32;2;1": {"regions": {"2": [[1737924295.675827, 1737924296.885935, 0, 0, 115, "binary"]], "1": [[1737924295.673472, 1737924296.886799, 0, 0, 114, "binary"]]}, "start_time": 1737924295.5773711, "stop_time": 1737924296.8925931}, "32;3;1": {"regions": {"2": [[1737924296.993028, 1737924298.203943, 0, 0, 123, "binary"]], "1": [[1737924296.990687, 1737924298.204962, 0, 0, 122, "binary"]]}, "start_time": 1737924296.8932445, "stop_time": 1737924298.2109354}, "32;4;1": {"regions": {"2": [[1737924298.322721, 1737924299.532936, 0, 0, 3, "binary"]], "1": [[1737924298.320152, 1737924299.533811, 0, 0, 2, "binary"]]}, "start_time": 1737924298.2116027, "stop_time": 1737924299.5395782}, "32;5;1": {"regions": {"2": [[1737924299.639326, 1737924300.859941, 0, 0, 11, "binary"]], "1": [[1737924299.636846, 1737924300.860651, 0, 0, 10, "binary"]]}, "start_time": 1737924299.5402305, "stop_time": 1737924300.866414}, "32;6;1": {"regions": {"2": [[1737924300.96744, 1737924302.175938, 0, 0, 19, "binary"]], "1": [[1737924300.96499, 1737924302.176858, 0, 0, 18, "binary"]]}, "start_time": 1737924300.8670604, "stop_time": 1737924302.1826067}, "32;7;1": {"regions": {"2": [[1737924302.284441, 1737924303.505936, 0, 0, 27, "binary"]], "1": [[1737924302.281767, 1737924303.506919, 0, 0, 26, "binary"]]}, "start_time": 1737924302.1832414, "stop_time": 1737924303.5132787}, "16;0;1": {"regions": {"2": [[1737924303.613811, 1737924304.835932, 0, 0, 35, "binary"]], "1": [[1737924303.611328, 1737924304.836865, 0, 0, 34, "binary"]]}, "start_time": 1737924303.514164, "stop_time": 1737924304.8425794}, "16;1;1": {"regions": {"2": [[1737924304.944028, 1737924306.153933, 0, 0, 43, "binary"]], "1": [[1737924304.941675, 1737924306.154896, 0, 0, 42, "binary"]]}, "start_time": 1737924304.843239, "stop_time": 1737924306.1606975}, "16;2;1": {"regions": {"2": [[1737924306.26023, 1737924307.493936, 0, 0, 51, "binary"]], "1": [[1737924306.257768, 1737924307.494881, 0, 0, 50, "binary"]]}, "start_time": 1737924306.161344, "stop_time": 1737924307.5006082}, "16;3;1": {"regions": {"2": [[1737924307.600819, 1737924308.809937, 0, 0, 59, "binary"]], "1": [[1737924307.598404, 1737924308.810653, 0, 0, 58, "binary"]]}, "start_time": 1737924307.5012527, "stop_time": 1737924308.8163667}, "16;4;1": {"regions": {"2": [[1737924308.916002, 1737924310.125938, 0, 0, 67, "binary"]], "1": [[1737924308.91348, 1737924310.126887, 0, 0, 66, "binary"]]}, "start_time": 1737924308.8170106, "stop_time": 1737924310.1326466}, "16;5;1": {"regions": {"2": [[1737924310.232107, 1737924311.454935, 0, 0, 75, "binary"]], "1": [[1737924310.229777, 1737924311.455658, 0, 0, 74, "binary"]]}, "start_time": 1737924310.1333084, "stop_time": 1737924311.4614074}, "16;6;1": {"regions": {"2": [[1737924311.561128, 1737924312.770972, 0, 0, 83, "binary"]], "1": [[1737924311.558682, 1737924312.771907, 0, 0, 82, "binary"]]}, "start_time": 1737924311.462067, "stop_time": 1737924312.7776144}, "16;7;1": {"regions": {"2": [[1737924312.877793, 1737924314.112939, 0, 0, 91, "binary"]], "1": [[1737924312.875231, 1737924314.11373, 0, 0, 90, "binary"]]}, "start_time": 1737924312.7783413,