{"config": {"pkg": "./mpi_trap3", "execdate": "26-01-2025_16:57:28", "command": "pascalanalyzer -t aut -c 1,2,4,8,16,32,64,128 -i 100,200,400,800,1600,3200,6400,12800 -o mpi_trap3.json ./mpi_trap3", "hostname": "r2n05.npad.internal", "kernel": "Linux-4.18.0-477.10.1.el8_8.x86_64-x86_64-with-glibc2.14", "disable_hyperthread": false, "auto_instrumentation": true, "idle_time": 0, "data_descriptor": {"values": ["start_time", "stop_time"], "extras": {"regions": {"values": ["start_time", "stop_time", "start_line", "stop_line", "thread_id", "filename"]}}, "keys": ["cores", "input", "repetitions"]}, "disable_cores": false, "discard_ompnt": true, "arguments": ["800", "1600", "3200", "12800", "400", "100", "200", "6400"]}, "data": {"128;0;1": {"regions": {"2": [[1737921449.195546, 1737921449.426866, 0, 0, 22, "binary"]], "1": [[1737921449.192864, 1737921449.427678, 0, 0, 21, "binary"]]}, "start_time": 1737921448.4644842, "stop_time": 1737921449.4341848}, "128;1;1": {"regions": {"2": [[1737921449.52436, 1737921449.741872, 0, 0, 30, "binary"]], "1": [[1737921449.522091, 1737921449.742564, 0, 0, 29, "binary"]]}, "start_time": 1737921449.4351335, "stop_time": 1737921449.7487404}, "128;2;1": {"regions": {"2": [[1737921449.838286, 1737921450.067898, 0, 0, 38, "binary"]], "1": [[1737921449.836049, 1737921450.068647, 0, 0, 37, "binary"]]}, "start_time": 1737921449.74968, "stop_time": 1737921450.0751736}, "128;3;1": {"regions": {"2": [[1737921450.152942, 1737921450.36992, 0, 0, 46, "binary"]], "1": [[1737921450.150512, 1737921450.370913, 0, 0, 45, "binary"]]}, "start_time": 1737921450.0759387, "stop_time": 1737921450.3772264}, "128;4;1": {"regions": {"2": [[1737921450.468068, 1737921450.699905, 0, 0, 54, "binary"]], "1": [[1737921450.465857, 1737921450.700728, 0, 0, 53, "binary"]]}, "start_time": 1737921450.378134, "stop_time": 1737921450.70691}, "128;5;1": {"regions": {"2": [[1737921450.784859, 1737921450.989906, 0, 0, 62, "binary"]], "1": [[1737921450.782616, 1737921450.990773, 0, 0, 61, "binary"]]}, "start_time": 1737921450.7077396, "stop_time": 1737921450.996892}, "128;6;1": {"regions": {"2": [[1737921451.074738, 1737921451.303903, 0, 0, 70, "binary"]], "1": [[1737921451.072311, 1737921451.304741, 0, 0, 69, "binary"]]}, "start_time": 1737921450.9977853, "stop_time": 1737921451.3107913}, "128;7;1": {"regions": {"2": [[1737921451.388063, 1737921451.591903, 0, 0, 78, "binary"]], "1": [[1737921451.385711, 1737921451.592693, 0, 0, 77, "binary"]]}, "start_time": 1737921451.3114302, "stop_time": 1737921451.598833}, "64;0;1": {"regions": {"2": [[1737921451.675507, 1737921451.893912, 0, 0, 86, "binary"]], "1": [[1737921451.673284, 1737921451.894927, 0, 0, 85, "binary"]]}, "start_time": 1737921451.5995824, "stop_time": 1737921451.901175}, "64;1;1": {"regions": {"2": [[1737921451.97825, 1737921452.183878, 0, 0, 94, "binary"]], "1": [[1737921451.975982, 1737921452.184473, 0, 0, 93, "binary"]]}, "start_time": 1737921451.902022, "stop_time": 1737921452.1905763}, "64;2;1": {"regions": {"2": [[1737921452.26841, 1737921452.472903, 0, 0, 102, "binary"]], "1": [[1737921452.266175, 1737921452.473786, 0, 0, 101, "binary"]]}, "start_time": 1737921452.1914806, "stop_time": 1737921452.48026}, "64;3;1": {"regions": {"2": [[1737921452.558315, 1737921452.786913, 0, 0, 110, "binary"]], "1": [[1737921452.556054, 1737921452.787681, 0, 0, 109, "binary"]]}, "start_time": 1737921452.4810011, "stop_time": 1737921452.793758}, "64;4;1": {"regions": {"2": [[1737921452.870877, 1737921453.074925, 0, 0, 118, "binary"]], "1": [[1737921452.868655, 1737921453.075885, 0, 0, 117, "binary"]]}, "start_time": 1737921452.7944803, "stop_time": 1737921453.081943}, "64;5;1": {"regions": {"2": [[1737921453.15889, 1737921453.374906, 0, 0, 126, "binary"]], "1": [[1737921453.156529, 1737921453.375789, 0, 0, 125, "binary"]]}, "start_time": 1737921453.082871, "stop_time": 1737921453.3818808}, "64;6;1": {"regions": {"2": [[1737921453.458837, 1737921453.688901, 0, 0, 6, "binary"]], "1": [[1737921453.456631, 1737921453.689641, 0, 0, 5, "binary"]]}, "start_time": 1737921453.38262, "stop_time": 1737921453.6963265}, "64;7;1": {"regions": {"2": [[1737921453.775032, 1737921453.979872, 0, 0, 14, "binary"]], "1": [[1737921453.772601, 1737921453.980816, 0, 0, 13, "binary"]]}, "start_time": 1737921453.697092, "stop_time": 1737921453.9869728}, "32;0;1": {"regions": {"2": [[1737921454.06328, 1737921454.266908, 0, 0, 22, "binary"]], "1": [[1737921454.060938, 1737921454.267719, 0, 0, 21, "binary"]]}, "start_time": 1737921453.9877024, "stop_time": 1737921454.2738993}, "32;1;1": {"regions": {"2": [[1737921454.364719, 1737921454.593904, 0, 0, 30, "binary"]], "1": [[1737921454.362509, 1737921454.594753, 0, 0, 29, "binary"]]}, "start_time": 1737921454.274667, "stop_time": 1737921454.6008234}, "32;2;1": {"regions": {"2": [[1737921454.69036, 1737921454.894902, 0, 0, 38, "binary"]], "1": [[1737921454.688127, 1737921454.895667, 0, 0, 37, "binary"]]}, "start_time": 1737921454.6017575, "stop_time": 1737921454.9019456}, "32;3;1": {"regions": {"2": [[1737921454.97892, 1737921455.182905, 0, 0, 46, "binary"]], "1": [[1737921454.97669, 1737921455.183791, 0, 0, 45, "binary"]]}, "start_time": 1737921454.9027731, "stop_time": 1737921455.1899722}, "32;4;1": {"regions": {"2": [[1737921455.268089, 1737921455.472874, 0, 0, 54, "binary"]], "1": [[1737921455.265842, 1737921455.473486, 0, 0, 53, "binary"]]}, "start_time": 1737921455.1909497, "stop_time": 1737921455.4795291}, "32;5;1": {"regions": {"2": [[1737921455.557742, 1737921455.760909, 0, 0, 62, "binary"]], "1": [[1737921455.555401, 1737921455.761851, 0, 0, 61, "binary"]]}, "start_time": 1737921455.4804964, "stop_time": 1737921455.768045}, "32;6;1": {"regions": {"2": [[1737921455.845396, 1737921456.061919, 0, 0, 70, "binary"]], "1": [[1737921455.843178, 1737921456.062795, 0, 0, 69, "binary"]]}, "start_time": 1737921455.7689962, "stop_time": 1737921456.0691674}, "32;7;1": {"regions": {"2": [[1737921456.149207, 1737921456.367875, 0, 0, 78, "binary"]], "1": [[1737921456.146862, 1737921456.36856, 0, 0, 77, "binary"]]}, "start_time": 1737921456.070033, "stop_time": 1737921456.374785}, "16;0;1": {"regions": {"2": [[1737921456.451702, 1737921456.682903, 0, 0, 86, "binary"]], "1": [[1737921456.449485, 1737921456.683771, 0, 0, 85, "binary"]]}, "start_time": 1737921456.375561, "stop_time": 1737921456.6903925}, "16;1;1": {"regions": {"2": [[1737921456.767477, 1737921456.983921, 0, 0, 94, "binary"]], "1": [[1737921456.765088, 1737921456.984696, 0, 0, 93, "binary"]]}, "start_time": 1737921456.6910923, "stop_time": 1737921456.9907825}, "16;2;1": {"regions": {"2": [[1737921457.068191, 1737921457.284919, 0, 0, 102, "binary"]], "1": [[1737921457.065958, 1737921457.285787, 0, 0, 101, "binary"]]}, "start_time": 1737921456.9916182, "stop_time": 1737921457.2919343}, "16;3;1": {"regions": {"2": [[1737921457.369302, 1737921457.584905, 0, 0, 110, "binary"]], "1": [[1737921457.366887, 1737921457.585691, 0, 0, 109, "binary"]]}, "start_time": 1737921457.292888, "stop_time": 1737921457.5916948}, "16;4;1": {"regions": {"2": [[1737921457.679817, 1737921457.895899, 0, 0, 118, "binary"]], "1": [[1737921457.677471, 1737921457.896854, 0, 0, 117, "binary"]]}, "start_time": 1737921457.5926187, "stop_time": 1737921457.902983}, "16;5;1": {"regions": {"2": [[1737921457.990532, 1737921458.196087, 0, 0, 126, "binary"]], "1": [[1737921457.988154, 1737921458.196875, 0, 0, 125, "binary"]]}, "start_time": 1737921457.9037085, "stop_time": 1737921458.203162}, "16;6;1": {"regions": {"2": [[1737921458.292848, 1737921458.508903, 0, 0, 6, "binary"]], "1": [[1737921458.290537, 1737921458.50969, 0, 0, 5, "binary"]]}, "start_time": 1737921458.2039957, "stop_time": 1737921458.5160055}, "16;7;1": {"regions": {"2": [[1737921458.592816, 1737921458.796901, 0, 0, 14, "binary"]], "1": [[1737921458.590471, 1737921458.797856, 0, 0, 13, "binary"]]}, "start_time": 1737921458.5168304, "stop_time": 1737921458.803923},