{"config": {"pkg": "./main_read_txt", "execdate": "06-12-2024_17:48:51", "command": "pascalanalyzer -t aut -c 1,2,4,8,16,32,64,128 -i 7,13,25,50,100,200,400,800 -o main_read_txt_my_vector_no_parallelized_4_vez.json ./main_read_txt", "hostname": "r2n00.npad.internal", "kernel": "Linux-4.18.0-477.10.1.el8_8.x86_64-x86_64-with-glibc2.14", "disable_hyperthread": false, "auto_instrumentation": true, "idle_time": 0, "data_descriptor": {"values": ["start_time", "stop_time"], "extras": {"regions": {"values": ["start_time", "stop_time", "start_line", "stop_line", "thread_id", "filename"]}}, "keys": ["cores", "input", "repetitions"]}, "disable_cores": false, "discard_ompnt": true, "arguments": ["25", "200", "400", "800", "100", "7", "13", "50"]}, "data": {"128;0;1": {"start_time": 1733518131.4357238, "stop_time": 1733518131.440973}, "128;1;1": {"start_time": 1733518131.44158, "stop_time": 1733518131.4447916}, "128;2;1": {"start_time": 1733518131.445327, "stop_time": 1733518131.4481692}, "128;3;1": {"start_time": 1733518131.4486825, "stop_time": 1733518131.4516127}, "128;4;1": {"start_time": 1733518131.4521344, "stop_time": 1733518131.455165}, "128;5;1": {"start_time": 1733518131.4556823, "stop_time": 1733518131.458589}, "128;6;1": {"start_time": 1733518131.459105, "stop_time": 1733518131.4618375}, "128;7;1": {"start_time": 1733518131.4623432, "stop_time": 1733518131.4649954}, "64;0;1": {"start_time": 1733518131.4655054, "stop_time": 1733518131.4703736}, "64;1;1": {"start_time": 1733518131.470883, "stop_time": 1733518131.47359}, "64;2;1": {"start_time": 1733518131.4740973, "stop_time": 1733518131.4767542}, "64;3;1": {"start_time": 1733518131.4772713, "stop_time": 1733518131.4799018}, "64;4;1": {"start_time": 1733518131.4804246, "stop_time": 1733518131.4832497}, "64;5;1": {"start_time": 1733518131.4837625, "stop_time": 1733518131.4867268}, "64;6;1": {"start_time": 1733518131.4872491, "stop_time": 1733518131.490025}, "64;7;1": {"start_time": 1733518131.4905472, "stop_time": 1733518131.493392}, "32;0;1": {"start_time": 1733518131.4938915, "stop_time": 1733518131.4966593}, "32;1;1": {"start_time": 1733518131.4971704, "stop_time": 1733518131.5000591}, "32;2;1": {"start_time": 1733518131.5007744, "stop_time": 1733518131.5034487}, "32;3;1": {"start_time": 1733518131.5039382, "stop_time": 1733518131.5066211}, "32;4;1": {"start_time": 1733518131.507112, "stop_time": 1733518131.5098686}, "32;5;1": {"start_time": 1733518131.5103605, "stop_time": 1733518131.51299}, "32;6;1": {"start_time": 1733518131.513495, "stop_time": 1733518131.5161524}, "32;7;1": {"start_time": 1733518131.5166302, "stop_time": 1733518131.5193543}, "16;0;1": {"start_time": 1733518131.5198407, "stop_time": 1733518131.5225062}, "16;1;1": {"start_time": 1733518131.5229912, "stop_time": 1733518131.5256412}, "16;2;1": {"start_time": 1733518131.5261257, "stop_time": 1733518131.5287514}, "16;3;1": {"start_time": 1733518131.5292435, "stop_time": 1733518131.5319111}, "16;4;1": {"start_time": 1733518131.5324154, "stop_time": 1733518131.5351312}, "16;5;1": {"start_time": 1733518131.5356536, "stop_time": 1733518131.5384438}, "16;6;1": {"start_time": 1733518131.5389519, "stop_time": 1733518131.5415795}, "16;7;1": {"start_time": 1733518131.5420818, "stop_time": 1733518131.5447204}, "8;0;1": {"start_time": 1733518131.5452206, "stop_time": 1733518131.547801}, "8;1;1": {"start_time": 1733518131.5483143, "stop_time": 1733518131.5509074}, "8;2;1": {"start_time": 1733518131.5514035, "stop_time": 1733518131.5540822}, "8;3;1": {"start_time": 1733518131.5545943, "stop_time": 1733518131.5571616}, "8;4;1": {"start_time": 1733518131.5576525, "stop_time": 1733518131.5603368}, "8;5;1": {"start_time": 1733518131.5608516, "stop_time": 1733518131.5635426}, "8;6;1": {"start_time": 1733518131.564052, "stop_time": 1733518131.5668871}, "8;7;1": {"start_time": 1733518131.5673985, "stop_time": 1733518131.5700343}, "4;0;1": {"start_time": 1733518131.5705428, "stop_time": 1733518131.573357}, "4;1;1": {"start_time": 1733518131.5738552, "stop_time": 1733518131.5765412}, "4;2;1": {"start_time": 1733518131.5770502, "stop_time": 1733518131.5797913}, "4;3;1": {"start_time": 1733518131.5803084, "stop_time": 1733518131.5830302}, "4;4;1": {"start_time": 1733518131.583564, "stop_time": 1733518131.5862792}, "4;5;1": {"start_time": 1733518131.586784, "stop_time": 1733518131.5895221}, "4;6;1": {"start_time": 1733518131.590045, "stop_time": 1733518131.5929348}, "4;7;1": {"start_time": 1733518131.5934484, "stop_time": 1733518131.5960572}, "2;0;1": {"start_time": 1733518131.5965667, "stop_time": 1733518131.5993042}, "2;1;1": {"start_time": 1733518131.599797, "stop_time": 1733518131.602957}, "2;2;1": {"start_time": 1733518131.6034777, "stop_time": 1733518131.6061618}, "2;3;1": {"start_time": 1733518131.6066499, "stop_time": 1733518131.6093204}, "2;4;1": {"start_time": 1733518131.6098154, "stop_time": 1733518131.6125422}, "2;5;1": {"start_time": 1733518131.6130512, "stop_time": 1733518131.6157482}, "2;6;1": {"start_time": 1733518131.6162503, "stop_time": 1733518131.6189036}, "2;7;1": {"start_time": 1733518131.619416, "stop_time": 1733518131.6220453}, "1;0;1": {"start_time": 1733518131.6225722, "stop_time": 1733518131.6253994}, "1;1;1": {"start_time": 1733518131.6258967, "stop_time": 1733518131.6286654}, "1;2;1": {"start_time": 1733518131.6291678, "stop_time": 1733518131.6320379}, "1;3;1": {"start_time": 1733518131.6325645, "stop_time": 1733518131.63524}, "1;4;1": {"start_time": 1733518131.6357284, "stop_time": 1733518131.6386}, "1;5;1": {"start_time": 1733518131.6391137, "stop_time": 1733518131.6418166}, "1;6;1": {"start_time": 1733518131.6423469, "stop_time": 1733518131.64519}, "1;7;1": {"start_time": 1733518131.645709, "stop_time": 1733518131.6483784}}}