{"config": {"pkg": "./main_read_txt", "execdate": "06-12-2024_17:19:13", "command": "pascalanalyzer -t aut -c 1,2,4,8,16,32,64,128 -i 7,13,25,50,100,200,400,800 -o main_read_txt_version_2.json ./main_read_txt", "hostname": "r2n09.npad.internal", "kernel": "Linux-4.18.0-477.10.1.el8_8.x86_64-x86_64-with-glibc2.14", "disable_hyperthread": false, "auto_instrumentation": true, "idle_time": 0, "data_descriptor": {"values": ["start_time", "stop_time"], "extras": {"regions": {"values": ["start_time", "stop_time", "start_line", "stop_line", "thread_id", "filename"]}}, "keys": ["cores", "input", "repetitions"]}, "disable_cores": false, "discard_ompnt": true, "arguments": ["13", "50", "200", "800", "100", "400", "25", "7"]}, "data": {"128;0;1": {"start_time": 1733516353.4261591, "stop_time": 1733516353.4308803}, "128;1;1": {"start_time": 1733516353.4315548, "stop_time": 1733516353.4340723}, "128;2;1": {"start_time": 1733516353.434564, "stop_time": 1733516353.437039}, "128;3;1": {"start_time": 1733516353.437495, "stop_time": 1733516353.4399114}, "128;4;1": {"start_time": 1733516353.4403744, "stop_time": 1733516353.4427378}, "128;5;1": {"start_time": 1733516353.4431822, "stop_time": 1733516353.4455006}, "128;6;1": {"start_time": 1733516353.4459476, "stop_time": 1733516353.448332}, "128;7;1": {"start_time": 1733516353.4487894, "stop_time": 1733516353.4535837}, "64;0;1": {"start_time": 1733516353.4540198, "stop_time": 1733516353.4564102}, "64;1;1": {"start_time": 1733516353.4568613, "stop_time": 1733516353.4591348}, "64;2;1": {"start_time": 1733516353.4596763, "stop_time": 1733516353.4620187}, "64;3;1": {"start_time": 1733516353.4624772, "stop_time": 1733516353.4647741}, "64;4;1": {"start_time": 1733516353.465219, "stop_time": 1733516353.4676344}, "64;5;1": {"start_time": 1733516353.4680817, "stop_time": 1733516353.4704509}, "64;6;1": {"start_time": 1733516353.4708943, "stop_time": 1733516353.4732094}, "64;7;1": {"start_time": 1733516353.4736624, "stop_time": 1733516353.4759839}, "32;0;1": {"start_time": 1733516353.476431, "stop_time": 1733516353.4788506}, "32;1;1": {"start_time": 1733516353.4792929, "stop_time": 1733516353.4825509}, "32;2;1": {"start_time": 1733516353.4831154, "stop_time": 1733516353.485992}, "32;3;1": {"start_time": 1733516353.4865255, "stop_time": 1733516353.488986}, "32;4;1": {"start_time": 1733516353.48945, "stop_time": 1733516353.4920104}, "32;5;1": {"start_time": 1733516353.492469, "stop_time": 1733516353.4948003}, "32;6;1": {"start_time": 1733516353.4952428, "stop_time": 1733516353.497643}, "32;7;1": {"start_time": 1733516353.498089, "stop_time": 1733516353.500454}, "16;0;1": {"start_time": 1733516353.500955, "stop_time": 1733516353.503353}, "16;1;1": {"start_time": 1733516353.5038, "stop_time": 1733516353.5060837}, "16;2;1": {"start_time": 1733516353.5065305, "stop_time": 1733516353.508945}, "16;3;1": {"start_time": 1733516353.509398, "stop_time": 1733516353.5121596}, "16;4;1": {"start_time": 1733516353.5127537, "stop_time": 1733516353.5154939}, "16;5;1": {"start_time": 1733516353.5160778, "stop_time": 1733516353.5186803}, "16;6;1": {"start_time": 1733516353.5191264, "stop_time": 1733516353.5214725}, "16;7;1": {"start_time": 1733516353.5219085, "stop_time": 1733516353.5242572}, "8;0;1": {"start_time": 1733516353.5247197, "stop_time": 1733516353.5271394}, "8;1;1": {"start_time": 1733516353.5276687, "stop_time": 1733516353.5300148}, "8;2;1": {"start_time": 1733516353.5304794, "stop_time": 1733516353.5327885}, "8;3;1": {"start_time": 1733516353.5332253, "stop_time": 1733516353.5355768}, "8;4;1": {"start_time": 1733516353.53609, "stop_time": 1733516353.5385985}, "8;5;1": {"start_time": 1733516353.539042, "stop_time": 1733516353.5418594}, "8;6;1": {"start_time": 1733516353.5424097, "stop_time": 1733516353.545329}, "8;7;1": {"start_time": 1733516353.5458095, "stop_time": 1733516353.5482435}, "4;0;1": {"start_time": 1733516353.548704, "stop_time": 1733516353.5510335}, "4;1;1": {"start_time": 1733516353.5515125, "stop_time": 1733516353.5537958}, "4;2;1": {"start_time": 1733516353.5542483, "stop_time": 1733516353.5566351}, "4;3;1": {"start_time": 1733516353.5570982, "stop_time": 1733516353.5594547}, "4;4;1": {"start_time": 1733516353.5599005, "stop_time": 1733516353.5621674}, "4;5;1": {"start_time": 1733516353.5626395, "stop_time": 1733516353.5649366}, "4;6;1": {"start_time": 1733516353.565396, "stop_time": 1733516353.56783}, "4;7;1": {"start_time": 1733516353.5682948, "stop_time": 1733516353.570962}, "2;0;1": {"start_time": 1733516353.571511, "stop_time": 1733516353.5743258}, "2;1;1": {"start_time": 1733516353.5748851, "stop_time": 1733516353.5774772}, "2;2;1": {"start_time": 1733516353.5779555, "stop_time": 1733516353.5804105}, "2;3;1": {"start_time": 1733516353.580864, "stop_time": 1733516353.5833483}, "2;4;1": {"start_time": 1733516353.5838065, "stop_time": 1733516353.5861502}, "2;5;1": {"start_time": 1733516353.5866299, "stop_time": 1733516353.5890658}, "2;6;1": {"start_time": 1733516353.5895374, "stop_time": 1733516353.5919645}, "2;7;1": {"start_time": 1733516353.5924263, "stop_time": 1733516353.5948591}, "1;0;1": {"start_time": 1733516353.5953164, "stop_time": 1733516353.597641}, "1;1;1": {"start_time": 1733516353.5980926, "stop_time": 1733516353.6005237}, "1;2;1": {"start_time": 1733516353.6009874, "stop_time": 1733516353.6035013}, "1;3;1": {"start_time": 1733516353.6039526, "stop_time": 1733516353.6065125}, "1;4;1": {"start_time": 1733516353.6069872, "stop_time": 1733516353.6093602}, "1;5;1": {"start_time": 1733516353.6098135, "stop_time": 1733516353.6123514}, "1;6;1": {"start_time": 1733516353.6128154, "stop_time": 1733516353.61532}, "1;7;1": {"start_time": 1733516353.6158767, "stop_time": 1733516353.6182497}}}