{"config": {"pkg": "./main_read_txt", "execdate": "06-12-2024_17:17:53", "command": "pascalanalyzer -t aut -c 1,2,4,8,16,32,64,128 -i 7,13,25,50,100,200,400,800 -o main_read_txt.json ./main_read_txt", "hostname": "r2n09.npad.internal", "kernel": "Linux-4.18.0-477.10.1.el8_8.x86_64-x86_64-with-glibc2.14", "disable_hyperthread": false, "auto_instrumentation": true, "idle_time": 0, "data_descriptor": {"values": ["start_time", "stop_time"], "extras": {"regions": {"values": ["start_time", "stop_time", "start_line", "stop_line", "thread_id", "filename"]}}, "keys": ["cores", "input", "repetitions"]}, "disable_cores": false, "discard_ompnt": true, "arguments": ["7", "13", "800", "200", "50", "25", "100", "400"]}, "data": {"128;0;1": {"start_time": 1733516273.1947076, "stop_time": 1733516273.201257}, "128;1;1": {"start_time": 1733516273.2019026, "stop_time": 1733516273.2047927}, "128;2;1": {"start_time": 1733516273.205267, "stop_time": 1733516273.2079864}, "128;3;1": {"start_time": 1733516273.2084534, "stop_time": 1733516273.2108982}, "128;4;1": {"start_time": 1733516273.211359, "stop_time": 1733516273.2138083}, "128;5;1": {"start_time": 1733516273.2142615, "stop_time": 1733516273.2168453}, "128;6;1": {"start_time": 1733516273.217293, "stop_time": 1733516273.2197864}, "128;7;1": {"start_time": 1733516273.220238, "stop_time": 1733516273.2228756}, "64;0;1": {"start_time": 1733516273.2233238, "stop_time": 1733516273.225789}, "64;1;1": {"start_time": 1733516273.2262416, "stop_time": 1733516273.2286773}, "64;2;1": {"start_time": 1733516273.2291296, "stop_time": 1733516273.2317176}, "64;3;1": {"start_time": 1733516273.2321732, "stop_time": 1733516273.2346282}, "64;4;1": {"start_time": 1733516273.2350798, "stop_time": 1733516273.2376075}, "64;5;1": {"start_time": 1733516273.2380567, "stop_time": 1733516273.2405431}, "64;6;1": {"start_time": 1733516273.2409933, "stop_time": 1733516273.2434847}, "64;7;1": {"start_time": 1733516273.2439346, "stop_time": 1733516273.2462444}, "32;0;1": {"start_time": 1733516273.246698, "stop_time": 1733516273.2491164}, "32;1;1": {"start_time": 1733516273.2496862, "stop_time": 1733516273.2522087}, "32;2;1": {"start_time": 1733516273.2526538, "stop_time": 1733516273.255205}, "32;3;1": {"start_time": 1733516273.2557414, "stop_time": 1733516273.258308}, "32;4;1": {"start_time": 1733516273.2587636, "stop_time": 1733516273.2611892}, "32;5;1": {"start_time": 1733516273.2617114, "stop_time": 1733516273.264042}, "32;6;1": {"start_time": 1733516273.264495, "stop_time": 1733516273.2680159}, "32;7;1": {"start_time": 1733516273.2686129, "stop_time": 1733516273.271625}, "16;0;1": {"start_time": 1733516273.2720847, "stop_time": 1733516273.2747846}, "16;1;1": {"start_time": 1733516273.27524, "stop_time": 1733516273.2777886}, "16;2;1": {"start_time": 1733516273.2782454, "stop_time": 1733516273.280743}, "16;3;1": {"start_time": 1733516273.2811944, "stop_time": 1733516273.28379}, "16;4;1": {"start_time": 1733516273.2842379, "stop_time": 1733516273.2867408}, "16;5;1": {"start_time": 1733516273.287192, "stop_time": 1733516273.289782}, "16;6;1": {"start_time": 1733516273.2902272, "stop_time": 1733516273.2928386}, "16;7;1": {"start_time": 1733516273.2932916, "stop_time": 1733516273.2957778}, "8;0;1": {"start_time": 1733516273.2962236, "stop_time": 1733516273.2987332}, "8;1;1": {"start_time": 1733516273.299183, "stop_time": 1733516273.3016737}, "8;2;1": {"start_time": 1733516273.302121, "stop_time": 1733516273.304681}, "8;3;1": {"start_time": 1733516273.305131, "stop_time": 1733516273.307533}, "8;4;1": {"start_time": 1733516273.307977, "stop_time": 1733516273.31053}, "8;5;1": {"start_time": 1733516273.3109796, "stop_time": 1733516273.3133757}, "8;6;1": {"start_time": 1733516273.313822, "stop_time": 1733516273.3162785}, "8;7;1": {"start_time": 1733516273.316732, "stop_time": 1733516273.3191009}, "4;0;1": {"start_time": 1733516273.3196056, "stop_time": 1733516273.3220634}, "4;1;1": {"start_time": 1733516273.3225207, "stop_time": 1733516273.3248756}, "4;2;1": {"start_time": 1733516273.3253155, "stop_time": 1733516273.3279808}, "4;3;1": {"start_time": 1733516273.328498, "stop_time": 1733516273.3308508}, "4;4;1": {"start_time": 1733516273.3313081, "stop_time": 1733516273.3336396}, "4;5;1": {"start_time": 1733516273.3340864, "stop_time": 1733516273.336384}, "4;6;1": {"start_time": 1733516273.3369217, "stop_time": 1733516273.3394248}, "4;7;1": {"start_time": 1733516273.3398738, "stop_time": 1733516273.3421383}, "2;0;1": {"start_time": 1733516273.3425977, "stop_time": 1733516273.3450189}, "2;1;1": {"start_time": 1733516273.345527, "stop_time": 1733516273.3478134}, "2;2;1": {"start_time": 1733516273.3482745, "stop_time": 1733516273.35057}, "2;3;1": {"start_time": 1733516273.351015, "stop_time": 1733516273.353457}, "2;4;1": {"start_time": 1733516273.3539116, "stop_time": 1733516273.3561413}, "2;5;1": {"start_time": 1733516273.3565998, "stop_time": 1733516273.3589723}, "2;6;1": {"start_time": 1733516273.3594296, "stop_time": 1733516273.3617861}, "2;7;1": {"start_time": 1733516273.3622415, "stop_time": 1733516273.3645325}, "1;0;1": {"start_time": 1733516273.3649764, "stop_time": 1733516273.3672554}, "1;1;1": {"start_time": 1733516273.3677187, "stop_time": 1733516273.3701086}, "1;2;1": {"start_time": 1733516273.370563, "stop_time": 1733516273.372874}, "1;3;1": {"start_time": 1733516273.3733323, "stop_time": 1733516273.3756962}, "1;4;1": {"start_time": 1733516273.376141, "stop_time": 1733516273.3784924}, "1;5;1": {"start_time": 1733516273.3789506, "stop_time": 1733516273.3812945}, "1;6;1": {"start_time": 1733516273.38175, "stop_time": 1733516273.3840632}, "1;7;1": {"start_time": 1733516273.3845434, "stop_time": 1733516273.3868444}}}