{"config": {"pkg": "./main_read_txt", "execdate": "06-12-2024_17:43:36", "command": "pascalanalyzer -t aut -c 1,2,4,8,16,32,64,128 -i 7,13,25,50,100,200,400,800 -o main_read_txt_my_vector_no_parallelized.json ./main_read_txt", "hostname": "r2n09.npad.internal", "kernel": "Linux-4.18.0-477.10.1.el8_8.x86_64-x86_64-with-glibc2.14", "disable_hyperthread": false, "auto_instrumentation": true, "idle_time": 0, "data_descriptor": {"values": ["start_time", "stop_time"], "extras": {"regions": {"values": ["start_time", "stop_time", "start_line", "stop_line", "thread_id", "filename"]}}, "keys": ["cores", "input", "repetitions"]}, "disable_cores": false, "discard_ompnt": true, "arguments": ["13", "25", "100", "800", "200", "50", "400", "7"]}, "data": {"128;0;1": {"start_time": 1733517816.5885935, "stop_time": 1733517816.5934255}, "128;1;1": {"start_time": 1733517816.5940523, "stop_time": 1733517816.5974343}, "128;2;1": {"start_time": 1733517816.5979795, "stop_time": 1733517816.6006997}, "128;3;1": {"start_time": 1733517816.6012127, "stop_time": 1733517816.6040814}, "128;4;1": {"start_time": 1733517816.6046257, "stop_time": 1733517816.6074085}, "128;5;1": {"start_time": 1733517816.6079316, "stop_time": 1733517816.610658}, "128;6;1": {"start_time": 1733517816.6111856, "stop_time": 1733517816.6139224}, "128;7;1": {"start_time": 1733517816.6144457, "stop_time": 1733517816.6174166}, "64;0;1": {"start_time": 1733517816.6179492, "stop_time": 1733517816.6206348}, "64;1;1": {"start_time": 1733517816.621142, "stop_time": 1733517816.6237707}, "64;2;1": {"start_time": 1733517816.6242971, "stop_time": 1733517816.62691}, "64;3;1": {"start_time": 1733517816.627487, "stop_time": 1733517816.6302028}, "64;4;1": {"start_time": 1733517816.6307259, "stop_time": 1733517816.633318}, "64;5;1": {"start_time": 1733517816.6338263, "stop_time": 1733517816.6364443}, "64;6;1": {"start_time": 1733517816.6369576, "stop_time": 1733517816.6399794}, "64;7;1": {"start_time": 1733517816.6404932, "stop_time": 1733517816.6431847}, "32;0;1": {"start_time": 1733517816.643738, "stop_time": 1733517816.6466157}, "32;1;1": {"start_time": 1733517816.6471183, "stop_time": 1733517816.649992}, "32;2;1": {"start_time": 1733517816.6505258, "stop_time": 1733517816.6535938}, "32;3;1": {"start_time": 1733517816.654089, "stop_time": 1733517816.6568844}, "32;4;1": {"start_time": 1733517816.6574125, "stop_time": 1733517816.6601956}, "32;5;1": {"start_time": 1733517816.6607068, "stop_time": 1733517816.663751}, "32;6;1": {"start_time": 1733517816.664262, "stop_time": 1733517816.6669652}, "32;7;1": {"start_time": 1733517816.6675587, "stop_time": 1733517816.6704934}, "16;0;1": {"start_time": 1733517816.6710308, "stop_time": 1733517816.6740415}, "16;1;1": {"start_time": 1733517816.674571, "stop_time": 1733517816.677585}, "16;2;1": {"start_time": 1733517816.6781197, "stop_time": 1733517816.6810293}, "16;3;1": {"start_time": 1733517816.6815674, "stop_time": 1733517816.684451}, "16;4;1": {"start_time": 1733517816.684968, "stop_time": 1733517816.687818}, "16;5;1": {"start_time": 1733517816.688333, "stop_time": 1733517816.6914334}, "16;6;1": {"start_time": 1733517816.6919599, "stop_time": 1733517816.6951308}, "16;7;1": {"start_time": 1733517816.6956372, "stop_time": 1733517816.6987433}, "8;0;1": {"start_time": 1733517816.699278, "stop_time": 1733517816.7065482}, "8;1;1": {"start_time": 1733517816.7070458, "stop_time": 1733517816.718885}, "8;2;1": {"start_time": 1733517816.7194166, "stop_time": 1733517816.7225928}, "8;3;1": {"start_time": 1733517816.7230906, "stop_time": 1733517816.7260165}, "8;4;1": {"start_time": 1733517816.726564, "stop_time": 1733517816.7292595}, "8;5;1": {"start_time": 1733517816.7297761, "stop_time": 1733517816.732469}, "8;6;1": {"start_time": 1733517816.7329853, "stop_time": 1733517816.73578}, "8;7;1": {"start_time": 1733517816.7362852, "stop_time": 1733517816.7398567}, "4;0;1": {"start_time": 1733517816.7403831, "stop_time": 1733517816.7486725}, "4;1;1": {"start_time": 1733517816.7491727, "stop_time": 1733517816.7519777}, "4;2;1": {"start_time": 1733517816.7524981, "stop_time": 1733517816.7551606}, "4;3;1": {"start_time": 1733517816.7556748, "stop_time": 1733517816.758576}, "4;4;1": {"start_time": 1733517816.7590756, "stop_time": 1733517816.7620406}, "4;5;1": {"start_time": 1733517816.762556, "stop_time": 1733517816.7654576}, "4;6;1": {"start_time": 1733517816.7660081, "stop_time": 1733517816.7688956}, "4;7;1": {"start_time": 1733517816.7694001, "stop_time": 1733517816.772143}, "2;0;1": {"start_time": 1733517816.7726834, "stop_time": 1733517816.7754269}, "2;1;1": {"start_time": 1733517816.7759268, "stop_time": 1733517816.7786307}, "2;2;1": {"start_time": 1733517816.7791486, "stop_time": 1733517816.7820404}, "2;3;1": {"start_time": 1733517816.7825506, "stop_time": 1733517816.7853353}, "2;4;1": {"start_time": 1733517816.785865, "stop_time": 1733517816.7887037}, "2;5;1": {"start_time": 1733517816.7891994, "stop_time": 1733517816.7920184}, "2;6;1": {"start_time": 1733517816.792541, "stop_time": 1733517816.795459}, "2;7;1": {"start_time": 1733517816.795959, "stop_time": 1733517816.7989798}, "1;0;1": {"start_time": 1733517816.7995322, "stop_time": 1733517816.8022661}, "1;1;1": {"start_time": 1733517816.8027856, "stop_time": 1733517816.8055296}, "1;2;1": {"start_time": 1733517816.8060534, "stop_time": 1733517816.8089306}, "1;3;1": {"start_time": 1733517816.8094983, "stop_time": 1733517816.8124037}, "1;4;1": {"start_time": 1733517816.8130045, "stop_time": 1733517816.8159413}, "1;5;1": {"start_time": 1733517816.816532, "stop_time": 1733517816.8193514}, "1;6;1": {"start_time": 1733517816.8199215, "stop_time": 1733517816.822579}, "1;7;1": {"start_time": 1733517816.8231297, "stop_time": 1733517816.8259122}}}