{"config": {"pkg": "./main_read_txt", "execdate": "06-12-2024_14:59:05", "command": "pascalanalyzer -t aut -c 1,2,4,8,16,32,64,128 -i 7,13,25,50,100,200,400,800 -o main_read_txt.json ./main_read_txt", "hostname": "r2n00.npad.internal", "kernel": "Linux-4.18.0-477.10.1.el8_8.x86_64-x86_64-with-glibc2.14", "disable_hyperthread": false, "auto_instrumentation": true, "idle_time": 0, "data_descriptor": {"values": ["start_time", "stop_time"], "extras": {"regions": {"values": ["start_time", "stop_time", "start_line", "stop_line", "thread_id", "filename"]}}, "keys": ["cores", "input", "repetitions"]}, "disable_cores": false, "discard_ompnt": true, "arguments": ["25", "7", "800", "50", "100", "13", "400", "200"]}, "data": {"128;0;1": {"start_time": 1733507945.5104532, "stop_time": 1733507945.5168407}, "128;1;1": {"start_time": 1733507945.5175607, "stop_time": 1733507945.5205667}, "128;2;1": {"start_time": 1733507945.5210488, "stop_time": 1733507945.5245836}, "128;3;1": {"start_time": 1733507945.525184, "stop_time": 1733507945.5281756}, "128;4;1": {"start_time": 1733507945.5287077, "stop_time": 1733507945.5321045}, "128;5;1": {"start_time": 1733507945.5326638, "stop_time": 1733507945.5355573}, "128;6;1": {"start_time": 1733507945.5361068, "stop_time": 1733507945.539269}, "128;7;1": {"start_time": 1733507945.5397878, "stop_time": 1733507945.5428648}, "64;0;1": {"start_time": 1733507945.5434217, "stop_time": 1733507945.546594}, "64;1;1": {"start_time": 1733507945.5471067, "stop_time": 1733507945.5501008}, "64;2;1": {"start_time": 1733507945.550678, "stop_time": 1733507945.5538454}, "64;3;1": {"start_time": 1733507945.5543673, "stop_time": 1733507945.5574694}, "64;4;1": {"start_time": 1733507945.5580175, "stop_time": 1733507945.561109}, "64;5;1": {"start_time": 1733507945.5616298, "stop_time": 1733507945.5647075}, "64;6;1": {"start_time": 1733507945.565285, "stop_time": 1733507945.5684278}, "64;7;1": {"start_time": 1733507945.5689998, "stop_time": 1733507945.572065}, "32;0;1": {"start_time": 1733507945.5725746, "stop_time": 1733507945.5756843}, "32;1;1": {"start_time": 1733507945.5762384, "stop_time": 1733507945.5793724}, "32;2;1": {"start_time": 1733507945.5798807, "stop_time": 1733507945.5830245}, "32;3;1": {"start_time": 1733507945.5835736, "stop_time": 1733507945.5868185}, "32;4;1": {"start_time": 1733507945.587406, "stop_time": 1733507945.5906758}, "32;5;1": {"start_time": 1733507945.5912642, "stop_time": 1733507945.5943537}, "32;6;1": {"start_time": 1733507945.594932, "stop_time": 1733507945.5981598}, "32;7;1": {"start_time": 1733507945.5987027, "stop_time": 1733507945.601641}, "16;0;1": {"start_time": 1733507945.602133, "stop_time": 1733507945.6051848}, "16;1;1": {"start_time": 1733507945.6057267, "stop_time": 1733507945.6088002}, "16;2;1": {"start_time": 1733507945.6093059, "stop_time": 1733507945.6123197}, "16;3;1": {"start_time": 1733507945.612862, "stop_time": 1733507945.6157036}, "16;4;1": {"start_time": 1733507945.6163006, "stop_time": 1733507945.6193194}, "16;5;1": {"start_time": 1733507945.6198955, "stop_time": 1733507945.623071}, "16;6;1": {"start_time": 1733507945.6236393, "stop_time": 1733507945.6269574}, "16;7;1": {"start_time": 1733507945.6274989, "stop_time": 1733507945.6305425}, "8;0;1": {"start_time": 1733507945.6310894, "stop_time": 1733507945.6341271}, "8;1;1": {"start_time": 1733507945.6346524, "stop_time": 1733507945.63777}, "8;2;1": {"start_time": 1733507945.6383705, "stop_time": 1733507945.6414237}, "8;3;1": {"start_time": 1733507945.641935, "stop_time": 1733507945.6449056}, "8;4;1": {"start_time": 1733507945.6454296, "stop_time": 1733507945.6485229}, "8;5;1": {"start_time": 1733507945.6490793, "stop_time": 1733507945.6520793}, "8;6;1": {"start_time": 1733507945.652642, "stop_time": 1733507945.655735}, "8;7;1": {"start_time": 1733507945.6562552, "stop_time": 1733507945.6595128}, "4;0;1": {"start_time": 1733507945.6600666, "stop_time": 1733507945.6633768}, "4;1;1": {"start_time": 1733507945.6639163, "stop_time": 1733507945.6671906}, "4;2;1": {"start_time": 1733507945.6677234, "stop_time": 1733507945.6709318}, "4;3;1": {"start_time": 1733507945.6715195, "stop_time": 1733507945.674419}, "4;4;1": {"start_time": 1733507945.6749454, "stop_time": 1733507945.6781352}, "4;5;1": {"start_time": 1733507945.6786857, "stop_time": 1733507945.6817687}, "4;6;1": {"start_time": 1733507945.6823747, "stop_time": 1733507945.68557}, "4;7;1": {"start_time": 1733507945.68611, "stop_time": 1733507945.6889548}, "2;0;1": {"start_time": 1733507945.689509, "stop_time": 1733507945.6925817}, "2;1;1": {"start_time": 1733507945.6932206, "stop_time": 1733507945.696299}, "2;2;1": {"start_time": 1733507945.6968074, "stop_time": 1733507945.6999304}, "2;3;1": {"start_time": 1733507945.7004848, "stop_time": 1733507945.703387}, "2;4;1": {"start_time": 1733507945.7039223, "stop_time": 1733507945.7070997}, "2;5;1": {"start_time": 1733507945.7076278, "stop_time": 1733507945.7106183}, "2;6;1": {"start_time": 1733507945.7111585, "stop_time": 1733507945.7142084}, "2;7;1": {"start_time": 1733507945.714761, "stop_time": 1733507945.7177923}, "1;0;1": {"start_time": 1733507945.7183995, "stop_time": 1733507945.7214453}, "1;1;1": {"start_time": 1733507945.7219787, "stop_time": 1733507945.7251747}, "1;2;1": {"start_time": 1733507945.7257113, "stop_time": 1733507945.7287972}, "1;3;1": {"start_time": 1733507945.7293565, "stop_time": 1733507945.7325606}, "1;4;1": {"start_time": 1733507945.7330945, "stop_time": 1733507945.7362902}, "1;5;1": {"start_time": 1733507945.7368438, "stop_time": 1733507945.7400064}, "1;6;1": {"start_time": 1733507945.740573, "stop_time": 1733507945.7437375}, "1;7;1": {"start_time": 1733507945.7443492, "stop_time": 1733507945.7474878}}}