{"config": {"pkg": "./main_read_txt", "execdate": "06-12-2024_17:27:01", "command": "pascalanalyzer -t aut -c 1,2,4,8,16,32,64,128 -i 7,13,25,50,100,200,400,800 -o main_read_txt_200_clusters.json ./main_read_txt", "hostname": "r2n00.npad.internal", "kernel": "Linux-4.18.0-477.10.1.el8_8.x86_64-x86_64-with-glibc2.14", "disable_hyperthread": false, "auto_instrumentation": true, "idle_time": 0, "data_descriptor": {"values": ["start_time", "stop_time"], "extras": {"regions": {"values": ["start_time", "stop_time", "start_line", "stop_line", "thread_id", "filename"]}}, "keys": ["cores", "input", "repetitions"]}, "disable_cores": false, "discard_ompnt": true, "arguments": ["200", "7", "400", "13", "800", "50", "25", "100"]}, "data": {"128;0;1": {"start_time": 1733516821.0870287, "stop_time": 1733516821.0944297}, "128;1;1": {"start_time": 1733516821.0950572, "stop_time": 1733516821.0986836}, "128;2;1": {"start_time": 1733516821.0992577, "stop_time": 1733516821.1023571}, "128;3;1": {"start_time": 1733516821.1028833, "stop_time": 1733516821.1058154}, "128;4;1": {"start_time": 1733516821.1063468, "stop_time": 1733516821.1092718}, "128;5;1": {"start_time": 1733516821.1097996, "stop_time": 1733516821.1126318}, "128;6;1": {"start_time": 1733516821.1131535, "stop_time": 1733516821.1160858}, "128;7;1": {"start_time": 1733516821.1166112, "stop_time": 1733516821.1194072}, "64;0;1": {"start_time": 1733516821.119911, "stop_time": 1733516821.1227436}, "64;1;1": {"start_time": 1733516821.1232817, "stop_time": 1733516821.126042}, "64;2;1": {"start_time": 1733516821.1265922, "stop_time": 1733516821.1293323}, "64;3;1": {"start_time": 1733516821.129861, "stop_time": 1733516821.132587}, "64;4;1": {"start_time": 1733516821.1330945, "stop_time": 1733516821.135898}, "64;5;1": {"start_time": 1733516821.1364367, "stop_time": 1733516821.139296}, "64;6;1": {"start_time": 1733516821.1397977, "stop_time": 1733516821.1425562}, "64;7;1": {"start_time": 1733516821.1430666, "stop_time": 1733516821.145969}, "32;0;1": {"start_time": 1733516821.1465292, "stop_time": 1733516821.1494246}, "32;1;1": {"start_time": 1733516821.1499548, "stop_time": 1733516821.1528184}, "32;2;1": {"start_time": 1733516821.1533363, "stop_time": 1733516821.1562116}, "32;3;1": {"start_time": 1733516821.1567314, "stop_time": 1733516821.159542}, "32;4;1": {"start_time": 1733516821.1600592, "stop_time": 1733516821.1629398}, "32;5;1": {"start_time": 1733516821.1634727, "stop_time": 1733516821.1663463}, "32;6;1": {"start_time": 1733516821.1668718, "stop_time": 1733516821.1697044}, "32;7;1": {"start_time": 1733516821.1702394, "stop_time": 1733516821.1730115}, "16;0;1": {"start_time": 1733516821.1735306, "stop_time": 1733516821.1766052}, "16;1;1": {"start_time": 1733516821.1771176, "stop_time": 1733516821.1799917}, "16;2;1": {"start_time": 1733516821.1805093, "stop_time": 1733516821.1833339}, "16;3;1": {"start_time": 1733516821.1838548, "stop_time": 1733516821.1866443}, "16;4;1": {"start_time": 1733516821.1871588, "stop_time": 1733516821.1899333}, "16;5;1": {"start_time": 1733516821.190456, "stop_time": 1733516821.1932533}, "16;6;1": {"start_time": 1733516821.1937597, "stop_time": 1733516821.1965318}, "16;7;1": {"start_time": 1733516821.1970396, "stop_time": 1733516821.1998124}, "8;0;1": {"start_time": 1733516821.2003226, "stop_time": 1733516821.2031007}, "8;1;1": {"start_time": 1733516821.2036157, "stop_time": 1733516821.2063646}, "8;2;1": {"start_time": 1733516821.2068677, "stop_time": 1733516821.2097185}, "8;3;1": {"start_time": 1733516821.210235, "stop_time": 1733516821.2129712}, "8;4;1": {"start_time": 1733516821.2134833, "stop_time": 1733516821.2163215}, "8;5;1": {"start_time": 1733516821.2168555, "stop_time": 1733516821.2197015}, "8;6;1": {"start_time": 1733516821.2202435, "stop_time": 1733516821.2231078}, "8;7;1": {"start_time": 1733516821.2236462, "stop_time": 1733516821.2264721}, "4;0;1": {"start_time": 1733516821.226997, "stop_time": 1733516821.2298205}, "4;1;1": {"start_time": 1733516821.2303467, "stop_time": 1733516821.2331154}, "4;2;1": {"start_time": 1733516821.2336438, "stop_time": 1733516821.236397}, "4;3;1": {"start_time": 1733516821.236918, "stop_time": 1733516821.239601}, "4;4;1": {"start_time": 1733516821.24011, "stop_time": 1733516821.2428515}, "4;5;1": {"start_time": 1733516821.2433863, "stop_time": 1733516821.2458835}, "4;6;1": {"start_time": 1733516821.2463217, "stop_time": 1733516821.2491186}, "4;7;1": {"start_time": 1733516821.249644, "stop_time": 1733516821.2524421}, "2;0;1": {"start_time": 1733516821.252959, "stop_time": 1733516821.2557561}, "2;1;1": {"start_time": 1733516821.256274, "stop_time": 1733516821.2591088}, "2;2;1": {"start_time": 1733516821.2596376, "stop_time": 1733516821.2624273}, "2;3;1": {"start_time": 1733516821.2629604, "stop_time": 1733516821.265796}, "2;4;1": {"start_time": 1733516821.266336, "stop_time": 1733516821.2691796}, "2;5;1": {"start_time": 1733516821.2697039, "stop_time": 1733516821.2724905}, "2;6;1": {"start_time": 1733516821.273001, "stop_time": 1733516821.2757533}, "2;7;1": {"start_time": 1733516821.2762825, "stop_time": 1733516821.2789972}, "1;0;1": {"start_time": 1733516821.2795138, "stop_time": 1733516821.2822595}, "1;1;1": {"start_time": 1733516821.2827623, "stop_time": 1733516821.2855527}, "1;2;1": {"start_time": 1733516821.286055, "stop_time": 1733516821.2887437}, "1;3;1": {"start_time": 1733516821.289261, "stop_time": 1733516821.2920756}, "1;4;1": {"start_time": 1733516821.2926147, "stop_time": 1733516821.2953691}, "1;5;1": {"start_time": 1733516821.2958775, "stop_time": 1733516821.2987127}, "1;6;1": {"start_time": 1733516821.2992501, "stop_time": 1733516821.302043}, "1;7;1": {"start_time": 1733516821.3025787, "stop_time": 1733516821.3054295}}}