{"config": {"pkg": "./main_read_txt", "execdate": "06-12-2024_17:37:16", "command": "pascalanalyzer -t aut -c 1,2,4,8,16,32,64,128 -i 7,13,25,50,100,200,400,800 -o main_read_txt_version_3.json ./main_read_txt", "hostname": "r2n09.npad.internal", "kernel": "Linux-4.18.0-477.10.1.el8_8.x86_64-x86_64-with-glibc2.14", "disable_hyperthread": false, "auto_instrumentation": true, "idle_time": 0, "data_descriptor": {"values": ["start_time", "stop_time"], "extras": {"regions": {"values": ["start_time", "stop_time", "start_line", "stop_line", "thread_id", "filename"]}}, "keys": ["cores", "input", "repetitions"]}, "disable_cores": false, "discard_ompnt": true, "arguments": ["25", "400", "100", "200", "7", "800", "50", "13"]}, "data": {"128;0;1": {"start_time": 1733517436.440408, "stop_time": 1733517436.4450946}, "128;1;1": {"start_time": 1733517436.4457183, "stop_time": 1733517436.448694}, "128;2;1": {"start_time": 1733517436.4493632, "stop_time": 1733517436.452189}, "128;3;1": {"start_time": 1733517436.452731, "stop_time": 1733517436.4554064}, "128;4;1": {"start_time": 1733517436.4559271, "stop_time": 1733517436.4586134}, "128;5;1": {"start_time": 1733517436.459118, "stop_time": 1733517436.4616663}, "128;6;1": {"start_time": 1733517436.4622016, "stop_time": 1733517436.4651535}, "128;7;1": {"start_time": 1733517436.4656672, "stop_time": 1733517436.468447}, "64;0;1": {"start_time": 1733517436.468962, "stop_time": 1733517436.4722285}, "64;1;1": {"start_time": 1733517436.4727485, "stop_time": 1733517436.4755769}, "64;2;1": {"start_time": 1733517436.4761753, "stop_time": 1733517436.479244}, "64;3;1": {"start_time": 1733517436.4797769, "stop_time": 1733517436.4824097}, "64;4;1": {"start_time": 1733517436.4829214, "stop_time": 1733517436.4856007}, "64;5;1": {"start_time": 1733517436.4861858, "stop_time": 1733517436.489096}, "64;6;1": {"start_time": 1733517436.4896138, "stop_time": 1733517436.4924393}, "64;7;1": {"start_time": 1733517436.4929445, "stop_time": 1733517436.4955163}, "32;0;1": {"start_time": 1733517436.4961107, "stop_time": 1733517436.4988298}, "32;1;1": {"start_time": 1733517436.4993634, "stop_time": 1733517436.5020854}, "32;2;1": {"start_time": 1733517436.5026376, "stop_time": 1733517436.5052955}, "32;3;1": {"start_time": 1733517436.5058231, "stop_time": 1733517436.508688}, "32;4;1": {"start_time": 1733517436.5092351, "stop_time": 1733517436.5119097}, "32;5;1": {"start_time": 1733517436.5124505, "stop_time": 1733517436.51509}, "32;6;1": {"start_time": 1733517436.5156324, "stop_time": 1733517436.5182695}, "32;7;1": {"start_time": 1733517436.5187488, "stop_time": 1733517436.521499}, "16;0;1": {"start_time": 1733517436.522104, "stop_time": 1733517436.524926}, "16;1;1": {"start_time": 1733517436.525478, "stop_time": 1733517436.528185}, "16;2;1": {"start_time": 1733517436.5287273, "stop_time": 1733517436.5317013}, "16;3;1": {"start_time": 1733517436.5322833, "stop_time": 1733517436.5351596}, "16;4;1": {"start_time": 1733517436.5357041, "stop_time": 1733517436.538543}, "16;5;1": {"start_time": 1733517436.5390894, "stop_time": 1733517436.54216}, "16;6;1": {"start_time": 1733517436.5427103, "stop_time": 1733517436.5455396}, "16;7;1": {"start_time": 1733517436.5461347, "stop_time": 1733517436.5490432}, "8;0;1": {"start_time": 1733517436.5495794, "stop_time": 1733517436.5523145}, "8;1;1": {"start_time": 1733517436.5528574, "stop_time": 1733517436.555679}, "8;2;1": {"start_time": 1733517436.5562296, "stop_time": 1733517436.558958}, "8;3;1": {"start_time": 1733517436.5594952, "stop_time": 1733517436.5623972}, "8;4;1": {"start_time": 1733517436.5629334, "stop_time": 1733517436.5656118}, "8;5;1": {"start_time": 1733517436.5661376, "stop_time": 1733517436.5689573}, "8;6;1": {"start_time": 1733517436.5695107, "stop_time": 1733517436.5723352}, "8;7;1": {"start_time": 1733517436.572909, "stop_time": 1733517436.5757322}, "4;0;1": {"start_time": 1733517436.5762572, "stop_time": 1733517436.5790637}, "4;1;1": {"start_time": 1733517436.5796483, "stop_time": 1733517436.5824082}, "4;2;1": {"start_time": 1733517436.5829308, "stop_time": 1733517436.585809}, "4;3;1": {"start_time": 1733517436.5863545, "stop_time": 1733517436.58906}, "4;4;1": {"start_time": 1733517436.589601, "stop_time": 1733517436.5925436}, "4;5;1": {"start_time": 1733517436.593107, "stop_time": 1733517436.5959764}, "4;6;1": {"start_time": 1733517436.5965161, "stop_time": 1733517436.599251}, "4;7;1": {"start_time": 1733517436.5998075, "stop_time": 1733517436.6027083}, "2;0;1": {"start_time": 1733517436.6033072, "stop_time": 1733517436.6061437}, "2;1;1": {"start_time": 1733517436.606699, "stop_time": 1733517436.6093993}, "2;2;1": {"start_time": 1733517436.6099284, "stop_time": 1733517436.6126196}, "2;3;1": {"start_time": 1733517436.6131635, "stop_time": 1733517436.6159666}, "2;4;1": {"start_time": 1733517436.6165102, "stop_time": 1733517436.6192672}, "2;5;1": {"start_time": 1733517436.6198168, "stop_time": 1733517436.6226122}, "2;6;1": {"start_time": 1733517436.6231456, "stop_time": 1733517436.6259801}, "2;7;1": {"start_time": 1733517436.6265428, "stop_time": 1733517436.6294785}, "1;0;1": {"start_time": 1733517436.6300035, "stop_time": 1733517436.6328814}, "1;1;1": {"start_time": 1733517436.6334708, "stop_time": 1733517436.636282}, "1;2;1": {"start_time": 1733517436.636817, "stop_time": 1733517436.6396682}, "1;3;1": {"start_time": 1733517436.6402318, "stop_time": 1733517436.642997}, "1;4;1": {"start_time": 1733517436.6435418, "stop_time": 1733517436.6462831}, "1;5;1": {"start_time": 1733517436.64684, "stop_time": 1733517436.6495767}, "1;6;1": {"start_time": 1733517436.6501067, "stop_time": 1733517436.6529844}, "1;7;1": {"start_time": 1733517436.653648, "stop_time": 1733517436.6566238}}}