{"config": {"pkg": "./main_read_txt", "execdate": "06-12-2024_17:46:44", "command": "pascalanalyzer -t aut -c 1,2,4,8,16,32,64,128 -i 7,13,25,50,100,200,400,800 -o main_read_txt_my_vector_no_parallelized_3_vez.json ./main_read_txt", "hostname": "r2n09.npad.internal", "kernel": "Linux-4.18.0-477.10.1.el8_8.x86_64-x86_64-with-glibc2.14", "disable_hyperthread": false, "auto_instrumentation": true, "idle_time": 0, "data_descriptor": {"values": ["start_time", "stop_time"], "extras": {"regions": {"values": ["start_time", "stop_time", "start_line", "stop_line", "thread_id", "filename"]}}, "keys": ["cores", "input", "repetitions"]}, "disable_cores": false, "discard_ompnt": true, "arguments": ["200", "7", "800", "100", "25", "13", "400", "50"]}, "data": {"128;0;1": {"start_time": 1733518004.4847956, "stop_time": 1733518004.4894922}, "128;1;1": {"start_time": 1733518004.4900994, "stop_time": 1733518004.4936812}, "128;2;1": {"start_time": 1733518004.4942293, "stop_time": 1733518004.4972382}, "128;3;1": {"start_time": 1733518004.4977622, "stop_time": 1733518004.5009267}, "128;4;1": {"start_time": 1733518004.501467, "stop_time": 1733518004.5042264}, "128;5;1": {"start_time": 1733518004.5047388, "stop_time": 1733518004.5076213}, "128;6;1": {"start_time": 1733518004.5081592, "stop_time": 1733518004.5110002}, "128;7;1": {"start_time": 1733518004.5115314, "stop_time": 1733518004.5143518}, "64;0;1": {"start_time": 1733518004.5148883, "stop_time": 1733518004.5176764}, "64;1;1": {"start_time": 1733518004.5182793, "stop_time": 1733518004.521153}, "64;2;1": {"start_time": 1733518004.5217037, "stop_time": 1733518004.5245373}, "64;3;1": {"start_time": 1733518004.5250428, "stop_time": 1733518004.5279136}, "64;4;1": {"start_time": 1733518004.5284588, "stop_time": 1733518004.5313349}, "64;5;1": {"start_time": 1733518004.5318606, "stop_time": 1733518004.534871}, "64;6;1": {"start_time": 1733518004.5354087, "stop_time": 1733518004.538088}, "64;7;1": {"start_time": 1733518004.5386484, "stop_time": 1733518004.5413613}, "32;0;1": {"start_time": 1733518004.5418777, "stop_time": 1733518004.5446658}, "32;1;1": {"start_time": 1733518004.5451744, "stop_time": 1733518004.5488596}, "32;2;1": {"start_time": 1733518004.5494, "stop_time": 1733518004.552137}, "32;3;1": {"start_time": 1733518004.5526483, "stop_time": 1733518004.5553694}, "32;4;1": {"start_time": 1733518004.5558965, "stop_time": 1733518004.5585277}, "32;5;1": {"start_time": 1733518004.5590308, "stop_time": 1733518004.5618658}, "32;6;1": {"start_time": 1733518004.5624285, "stop_time": 1733518004.565084}, "32;7;1": {"start_time": 1733518004.5656307, "stop_time": 1733518004.5682902}, "16;0;1": {"start_time": 1733518004.56883, "stop_time": 1733518004.5717704}, "16;1;1": {"start_time": 1733518004.572375, "stop_time": 1733518004.575331}, "16;2;1": {"start_time": 1733518004.5758612, "stop_time": 1733518004.5785415}, "16;3;1": {"start_time": 1733518004.5790462, "stop_time": 1733518004.5818236}, "16;4;1": {"start_time": 1733518004.5823667, "stop_time": 1733518004.5851843}, "16;5;1": {"start_time": 1733518004.585709, "stop_time": 1733518004.5885558}, "16;6;1": {"start_time": 1733518004.589087, "stop_time": 1733518004.591924}, "16;7;1": {"start_time": 1733518004.5924375, "stop_time": 1733518004.5951939}, "8;0;1": {"start_time": 1733518004.595728, "stop_time": 1733518004.598639}, "8;1;1": {"start_time": 1733518004.5991404, "stop_time": 1733518004.602032}, "8;2;1": {"start_time": 1733518004.6025665, "stop_time": 1733518004.6055703}, "8;3;1": {"start_time": 1733518004.6060708, "stop_time": 1733518004.608813}, "8;4;1": {"start_time": 1733518004.6093287, "stop_time": 1733518004.6120176}, "8;5;1": {"start_time": 1733518004.6125424, "stop_time": 1733518004.61526}, "8;6;1": {"start_time": 1733518004.615813, "stop_time": 1733518004.6186075}, "8;7;1": {"start_time": 1733518004.6191201, "stop_time": 1733518004.6219544}, "4;0;1": {"start_time": 1733518004.6224773, "stop_time": 1733518004.6252453}, "4;1;1": {"start_time": 1733518004.6257522, "stop_time": 1733518004.628551}, "4;2;1": {"start_time": 1733518004.6290755, "stop_time": 1733518004.6318297}, "4;3;1": {"start_time": 1733518004.632334, "stop_time": 1733518004.635089}, "4;4;1": {"start_time": 1733518004.6356168, "stop_time": 1733518004.638308}, "4;5;1": {"start_time": 1733518004.6388214, "stop_time": 1733518004.6419625}, "4;6;1": {"start_time": 1733518004.6424913, "stop_time": 1733518004.6455026}, "4;7;1": {"start_time": 1733518004.6460145, "stop_time": 1733518004.6489437}, "2;0;1": {"start_time": 1733518004.649465, "stop_time": 1733518004.6522036}, "2;1;1": {"start_time": 1733518004.6527216, "stop_time": 1733518004.6556556}, "2;2;1": {"start_time": 1733518004.6561968, "stop_time": 1733518004.6590075}, "2;3;1": {"start_time": 1733518004.6595314, "stop_time": 1733518004.6622577}, "2;4;1": {"start_time": 1733518004.662809, "stop_time": 1733518004.665622}, "2;5;1": {"start_time": 1733518004.66613, "stop_time": 1733518004.6690884}, "2;6;1": {"start_time": 1733518004.6696618, "stop_time": 1733518004.6724758}, "2;7;1": {"start_time": 1733518004.6730175, "stop_time": 1733518004.6759696}, "1;0;1": {"start_time": 1733518004.6765387, "stop_time": 1733518004.679464}, "1;1;1": {"start_time": 1733518004.679987, "stop_time": 1733518004.6829612}, "1;2;1": {"start_time": 1733518004.6835961, "stop_time": 1733518004.686435}, "1;3;1": {"start_time": 1733518004.6869624, "stop_time": 1733518004.6897225}, "1;4;1": {"start_time": 1733518004.6902604, "stop_time": 1733518004.6930068}, "1;5;1": {"start_time": 1733518004.6935549, "stop_time": 1733518004.696219}, "1;6;1": {"start_time": 1733518004.6967502, "stop_time": 1733518004.6994336}, "1;7;1": {"start_time": 1733518004.6999836, "stop_time": 1733518004.7029824}}}